{
  "id": "quests",
  "slots": [
    { "id": "root", "class": "questsRoot qb" },
    { "id": "sections", "class": "qb__sections", "parent": "root" }
  ],
  "parts": [
    {
      "id": "header",
      "kind": "QuestsHeader",
      "slot": "root"
    },
    {
      "id": "tabs",
      "kind": "QuestsTabs",
      "slot": "root"
    },
    {
      "id": "focused",
      "kind": "QuestSection",
      "slot": "sections",
      "props": { "section": "focused" }
    },
    {
      "id": "available",
      "kind": "QuestSection",
      "slot": "sections",
      "props": { "section": "available" }
    },
    {
      "id": "completed",
      "kind": "QuestSection",
      "slot": "sections",
      "props": { "section": "completed" }
    }
  ]
}
